Code,CVX CODE,МНН,SNOMED,RELATIONSHIP,SNOMED Descriptions,UZ,RU,EN,,,,
immun-1,54,J07AX,871722007,source-is-narrower-than-target,Vaccine product containing only Adenovirus antigen (medicinal product),"Adenovirusga qarshi emlash, 4-toifa, jonli, og'iz orqali","Аденовирусная вакцина, тип 4, живая, пероральная","adenovirus vaccine, type 4, live, oral",,,,http://hl7.org/fhir/ValueSet/vaccine-code
immun-2,55,J07AX,836400005,source-is-narrower-than-target,Adenovirus antigen-containing vaccine product,"Adenovirusga qarshi emlash, 7-toifa, jonli, og'iz orqali","Аденовирусная вакцина, тип 7, живая, пероральная","adenovirus vaccine, type 7, live, oral",,,,https://browser.ihtsdotools.org/?perspective=full&conceptId1=404684003&edition=MAIN/2026-01-01&release=&languages=en
immun-3,  82,J07AX,871722007,equivalent, Vaccine product containing only Adenovirus antigen (medicinal product),"Adenovirusga qarshi emlash, aniqlanmagan","Аденовирусная вакцина, неуточненная формулировка","adenovirus vaccine, unspecified formulation",,,,
immun-4,  24,J07AC01,860818003,equivalent,Vaccine product containing only Bacillus anthracis antigen (medicinal product),"Kuydirgiga qarshi emlash, adsorbsiyalangan, ta'sir qilishdan oldingi va keyingi profilaktika uchun","Вакцина против сибирской язвы, адсорбированная, для пред- и постконтактной профилактики",anthrax vaccine,,,,
immun-5,  19,J07AN01,1861000221106,equivalent,Vaccine product containing only live attenuated Mycobacterium bovis antigen (medicinal product),Bacillus Calmette-Guerin vaktsinasi,Вакцина против бациллы Кальметта-Герина,Bacillus Calmette-Guerin vaccine,,,,
immun-6,  27,J06AA04,385336006,equivalent,Botulinum antitoxin (substance),botulinum antitoksini,ботулинический антитоксин,Botulinum antitoxin (substance),,,,
immun-7,  26,J07AE,  991000221105,equivalent,Vaccine product containing only Vibrio cholerae antigen (medicinal product) |,"vaboga qarshi emlash, aniqlanmagan","холерная вакцина, неуточненная формулировка","cholera vaccine, unspecified formulation",,,,
immun-8,  29,J06BB09,116792006,equivalent,Intravenous infusion of Cytomegalovirus immune globulin (procedure),"sitomegalovirus immunoglobulini, tomir ichiga yuborish","цитомегаловирусный иммуноглобулин, внутривенный","cytomegalovirus immune globulin, intravenous",,,,
immun-9,  56,J07BX03,871720004,source-is-narrower-than-target,Vaccine product containing only Dengue virus antigen (medicinal product) |,"dangga qarshi emlash, to'rt valentli","вакцина против лихорадки денге, четырехвалентная",dengue fever vaccine,,,,
immun-10,  12,J07AF01,412175006,equivalent,Diphtheria antitoxin (substance) ,difteriyaga qarshi toksin,дифтерийный антитоксин,diphtheria antitoxin,,,,
immun-11,  28,J07AM,2031000221103,source-is-narrower-than-target,Clostridium tetani and Corynebacterium diphtheriae toxoids only adult vaccine product,bolalarda foydalanish uchun adsorbsiyalangan difteriya va tetanoz toksoidlari,"дифтерийный и столбнячный токсоиды, адсорбированные для педиатрического применения","diphtheria and tetanus toxoids, adsorbed for pediatric use",,,,
immun-12,  20,J07AJ52,871876003,equivalent,Acellular Bordetella pertussis and Clostridium tetani and Corynebacterium diphtheriae antigens only vaccine product,"difteriya, qoqshol va ko'kyo'talga qarshi emlash","вакцина против дифтерии, столбняка и ацеллюлярного коклюша","diphtheria, tetanus toxoids and acellular pertussis vaccine",,,,
immun-13,  106,J07CA02,871889009,source-is-narrower-than-target,Acellular Bordetella pertussis and Corynebacterium diphtheriae and Hepatitis B virus and inactivated whole Human poliovirus antigens only vaccine product,"difteriya, qoqshol va ko'kyo'talga qarshi emlash, 5 ta ko'kyo'tal antijeni","вакцина против дифтерии, столбняка и ацеллюлярного коклюша, 5 коклюшных антигенов","diphtheria, tetanus toxoids and acellular pertussis vaccine, 5 pertussis antigens",,,,
immun-14,  107,J07CA,871889009,source-is-broader-than-target,Vaccine product containing only acellular Bordetella pertussis and Corynebacterium diphtheriae and Hepatitis B virus and inactivated whole Human poliovirus antigens (medicinal product,"difteriya, qoqshol va ko'kyo'talga qarshi emlash, aniqlanmagan formulasi","вакцина против дифтерии, столбняка и ацеллюлярного коклюша, неуточненная формула","diphtheria, tetanus toxoids and acellular pertussis vaccine, unspecified formulation",,,,
immun-15,  110,J07CA05,871891001,equivalent,Vaccine product containing only Acellular Bordetella pertussis and Clostridium tetani and Corynebacterium diphtheriae and Hepatitis B virus and inactivated whole Human poliovirus antigens (medicinal product),DTaP-gepatit B va poliovirusga qarshi emlash,DTaP-гепатит B и полиовирусная вакцина,DTaP-hepatitis B and poliovirus vaccine,,,,
immun-16,  50,J07AG01,2041000221105,source-is-narrower-than-target,Haemophilus influenzae type b capsular polysaccharide antigen conjugated only vaccine product,DTaP-Haemophilus influenzae turi b konjugat vaktsinasi,конъюгированная вакцина DTaP-Haemophilus influenzae типа b,DTaP-Haemophilus influenzae type b conjugate vaccine,,,,
immun-17,  120,J07CA02,871895005,source-is-narrower-than-target,Bordetella pertussis and Clostridium tetani and Corynebacterium diphtheriae and Haemophilus influenzae type b and Hepatitis B virus and Human poliovirus antigens (medicinal product),"difteriya, qoqshol, hujayrasiz ko'kyo'talga qarshi vaktsina, Haemophilus influenzae turi b konjugati va poliovirus vaktsinasi, inaktivatsiyalangan (DTaP-Hib-IPV)","вакцина против дифтерии, столбняка и ацеллюлярного коклюша, конъюгат Haemophilus influenzae типа b и полиовирусная вакцина, инактивированная (DTaP-Hib-IPV)","diphtheria, tetanus toxoids and acellular pertussis vaccine, Haemophilus influenzae type b conjugate, and poliovirus vaccine, inactivated (DTaP-Hib-IPV)",,,,
immun-18,  130,J07CA06,871887006,source-is-narrower-than-target, Bordetella pertussis and Clostridium tetani and Corynebacterium diphtheriae and Haemophilus influenzae type b and Human poliovirus antigens (medicinal product),"difteriya, qoqshol, hujayrali ko'kyo'talga qarshi vaktsina va poliovirusga qarshi vaktsina, inaktivatsiyalangan","Вакцина против дифтерии, столбняка, ацеллюлярного коклюша и полиовирусная вакцина, инактивированная","Diphtheria, tetanus toxoids and acellular pertussis vaccine, and poliovirus vaccine, inactivated",,,,
immun-19,  01,"J07AJ01
J07AJ51 
",293109003,equivalent,"Diphtheria, tetanus and pertussis vaccine","difteriya, qoqshol va ko'kyo'talga qarshi emlash","вакцина против дифтерии, столбняка и коклюша","diphtheria, tetanus toxoids and pertussis vaccine",,,,
immun-20,  22,J07CA,871839001,equivalent,Vaccine product containing only Bordetella pertussis and Clostridium tetani and Corynebacterium diphtheriae and Haemophilus influenzae type b antigens (medicinal product),DTP-Haemophilus influenzae turi b konjugat vaktsinasi,Конъюгированная вакцина DTP-Haemophilus influenzae типа b,DTP-Haemophilus influenzae type b conjugate vaccine,,,,
immun-21,  102,J07CA,871887006,source-is-narrower-than-target,Bordetella pertussis and Clostridium tetani and Corynebacterium diphtheriae and Haemophilus influenzae type b and Human poliovirus antigens only vaccine product,DTP-Haemophilus influenzae turi b konjugat vaktsinasi va gepatit B vaktsinasi,Конъюгированная вакцина DTP-Haemophilus influenzae типа b и вакцина против гепатита b,DTP- Haemophilus influenzae type b conjugate and hepatitis b vaccine,,,,
immun-22,  57,J07BX,709342008,source-is-narrower-than-target,Hantavirus Ag,hantavirusga qarshi emlash,хантавирусная вакцина,hantavirus vaccine,,,,
immun-23,  52,J07BC02,865997008,equivalent,Hepatitis A virus antigen only adult vaccine,"gepatit A vaktsinasi, kattalar dozasi","вакцина против гепатита А, дозировка для взрослых","hepatitis A vaccine, adult dosage",,,,
immun-24,  83,J07BC02,871750007,equivalent,Hepatitis A virus antigen only pediatric vaccine product,"gepatit A vaktsinasi, bolalar / o'smirlar dozasi, 2 dozali sxema","вакцина против гепатита А, детская/подростковая дозировка, график введения 2 доз","hepatitis A vaccine, pediatric/adolescent dosage, 2 dose schedule",,,,
immun-25,  84,J07BC02,871750007,equivalent,Hepatitis A virus antigen only pediatric vaccine product,"gepatit A vaktsinasi, bolalar / o'smirlar dozasi, 3 dozali sxema","вакцина против гепатита А, детская/подростковая дозировка, график 3 дозы","hepatitis A vaccine, pediatric/adolescent dosage, 3 dose schedule",,,,
immun-26,  31,J07BC02,871750007,equivalent,Hepatitis A virus antigen only pediatric vaccine product,"gepatit A vaktsinasi, bolalar dozasi, aniqlanmagan formulasi","вакцина против гепатита А, детская дозировка, неуточненная формула","hepatitis A vaccine, pediatric dosage, unspecified formulation",,,,
immun-27,  85,J07BC,   871751006,equivalent,Hepatitis A virus antigen only vaccine product,"gepatit A vaktsinasi, aniqlanmagan formulasi","вакцина против гепатита А, неуточненная формулировка","hepatitis A vaccine, unspecified formulation",,,,
immun-28,  104,J07BC20,  871803007,equivalent,Hepatitis A and Hepatitis B virus antigens only vaccine product,gepatit A va gepatit B ga qarshi emlash,вакцина против гепатита А и гепатита В,hepatitis A and hepatitis B vaccine,,,,
immun-29,  30,J06BB04,  116801004,equivalent,"Hepatitis B Virus immune globulin, human, issued (situation)",gepatit B immunoglobulini,иммуноглобулин против гепатита В,hepatitis B immune globulin,,,,
immun-30,  08,"J07BC01 
",1296864005,equivalent,Pediatric vaccine product containing only adsorbed Hepatitis B virus recombinant surface antigen (medicinal product),"gepatit B vaktsinasi, bolalar yoki bolalar / o'smirlar dozasi","вакцина против гепатита В, педиатрическая или педиатрическая/подростковая дозировка","hepatitis B vaccine, pediatric or pediatric/adolescent dosage",,,,
immun-31,  42,J07BC01,  1296864005,equivalent,Pediatric vaccine product containing only adsorbed Hepatitis B virus recombinant surface antigen (medicinal product),"gepatit B ga qarshi emlash, yuqori xavfli bolalar uchun o'smirlar / bolalar dozalari","вакцина против гепатита В, подростковая/детская дозировка для детей высокого риска","hepatitis B vaccine, adolescent/high risk infant dosage",,,,
immun-32,  43,J07BC01,871 925 000,equivalent,Hepatitis B surface antigen only vaccine product,"gepatit B vaktsinasi, kattalar dozasi","вакцина против гепатита В, дозировка для взрослых","hepatitis B vaccine, adult dosage",,,,
immun-33,  44,J07BC01,871925000,equivalent,Hepatitis B surface antigen only vaccine product,"gepatit B ga qarshi emlash, dializ dozasi","вакцина против гепатита В, дозировка для пациентов, находящихся на диализе","hepatitis B vaccine, dialysis patient dosage",,,,
immun-34,  45,J07BC,871925000,equivalent,Hepatitis B surface antigen only vaccine product,"gepatit B vaktsinasi, aniqlanmagan formulasi","вакцина против гепатита В, неуточненная формулировка","hepatitis B vaccine, unspecified formulation",,,,
immun-35,  58,,50711007,not-related,Viral hepatitis type C (disorder),gepatit C vaktsinasi,вакцина против гепатита С,hepatitis C vaccine,,,,
immun-36,  59,J07BC0*,7111000119109,not-related,Viral hepatitis type E (disorder),gepatit E vaktsinasi,вакцина против гепатита Е,hepatitis E vaccine,,,,
immun-37,  60,,120995009,source-is-narrower-than-target, Antigen of Human alphaherpesvirus 2 (substance),2-toifa herpes simplex virusiga qarshi emlash,"вакцина против вируса простого герпеса, тип 2","herpes simplex virus, type 2 vaccine",,,,
immun-38,  46,J07AG01,2041000221105,equivalent,Vaccine product containing only Haemophilus influenzae type b capsular polysaccharide antigen conjugated (medicinal product),"Haemophilus influenzae turi b vaktsinasi, PRP-D konjugati","Вакцина против Haemophilus influenzae типа b, конъюгат PRP-D","Haemophilus influenzae type b vaccine, PRP-D conjugate",,,,
immun-39,  47,J07AG01,2041000221105,equivalent,Vaccine product containing only Haemophilus influenzae type b capsular polysaccharide antigen conjugated (medicinal product),"Haemophilus influenzae turi b vaktsinasi, HbOC konjugati","Вакцина против Haemophilus influenzae типа b, конъюгат HbOC","Haemophilus influenzae type b vaccine, HbOC conjugate",,,,
immun-40,  48,"J07AG53 
",2041000221105,equivalent,Vaccine product containing only Haemophilus influenzae type b capsular polysaccharide antigen conjugated (medicinal product),"Haemophilus influenzae turi b vaktsinasi, PRP-T konjugati","Вакцина Haemophilus influenzae типа b, конъюгат PRP-T","Haemophilus influenzae type b vaccine, PRP-T conjugate",,,,
immun-41,  49,J07AG01,2041000221105,equivalent,Vaccine product containing only Haemophilus influenzae type b capsular polysaccharide antigen conjugated (medicinal product),"Haemophilus influenzae turi b vaktsinasi, PRP-OMP konjugati","Вакцина против Haemophilus influenzae типа b, конъюгат PRP-OMP","Haemophilus influenzae type b vaccine, PRP-OMP conjugate",,,,
immun-42,  17,J07AG,836380007,equivalent,Vaccine product containing Haemophilus influenzae type b antigen (medicinal product),"Haemophilus influenzae turi b vaktsinasi, aniqlanmagan konjugat","Вакцина Haemophilus influenzae типа b, конъюгат неуточненного состава","Haemophilus influenzae type b vaccine, conjugate unspecified formulation",,,,
immun-43,  51,07CA,836500008,equivalent,Haemophilus influenzae type b and Neisseria meningitidis serogroup C antigens only vaccine product,Haemophilus influenzae turi b konjugati va gepatit B vaktsinasi,Конъюгат против Haemophilus influenzae типа b и вакцина против гепатита В,Haemophilus influenzae type b conjugate and Hepatitis B vaccine,,,,
immun-44,  61,,836379009,not-related,Human papillomavirus antigen-containing vaccine product,inson immunitet tanqisligi virusiga qarshi emlash,вакцина против вируса иммунодефицита человека,human immunodeficiency virus vaccine,,,,
immun-45,  118,J07BM02,140611000119104,source-is-narrower-than-target,Human papilloma virus type 16 and 18 vaccination given (situation),"inson papillomavirusiga qarshi vaktsina, ikki valentli","вакцина против вируса папилломы человека, бивалентная","human papilloma virus vaccine, bivalent",,,,
immun-46,  62,J07BM01,734152003,equivalent,"Administration of vaccine product containing only Human papillomavirus 6, 11, 16 and 18 antigens (procedure)","inson papillomavirusiga qarshi emlash, to'rt valentli","вакцина против вируса папилломы человека, четырехвалентная","human papilloma virus vaccine, quadrivalent",,,,
immun-47,  86,J06BA,717220006,source-is-broader-than-target,Vaccinia human immune globulin (substance,"immunoglobulin, mushak ichiga","иммуноглобулин, внутримышечно","immune globulin, intramuscular",,,,
immun-48,  87,J06BA02,717220006,source-is-broader-than-target,Vaccinia human immune globulin (substance,"immunoglobulin, tomir ichiga yuborish","иммуноглобулин, внутривенный","immune globulin, intravenous",,,,
immun-49,  14,J06BA,717220006,source-is-broader-than-target,Vaccinia human immune globulin (substance,"immunoglobulin, aniqlanmagan","иммуноглобулин, неуточненная формулировка","immune globulin, unspecified formulation",,,,
immun-50,  111,J07BB03,1010313002,equivalent,Vaccine product containing only live attenuated Influenza virus antigen (medicinal product),"Gripp, jonli, uch valentli, intranazal","Грипп, живой, трехвалентный, интраназальный","influenza virus vaccine, live, attenuated, for intranasal use",,,,
immun-51,  15,J07BB02,836377006,source-is-narrower-than-target,Vaccine product containing influenza virus antigen (medicinal product),"grippga qarshi emlash, split virus (shu jumladan, tozalangan sirt antijeni) - pensiya bo'yicha KOD","вакцина против вируса гриппа, расщепленный вирус (в т.ч. очищенный поверхностный антиген) - КОД на пенсии","influenza virus vaccine, split virus (incl. purified surface antigen)-retired CODE",,,,
immun-52,  16,J07BB01,836377006,source-is-narrower-than-target,Vaccine product containing influenza virus antigen (medicinal product),"grippga qarshi emlash, butun virus","вакцина против вируса гриппа, цельный вирус","influenza virus vaccine, whole virus",,,,
immun-53,  88,J07BB,836377006,source-is-narrower-than-target,Vaccine product containing influenza virus antigen (medicinal product),"gripp virusiga qarshi emlash, aniqlanmagan","вакцина против вируса гриппа, неуточненная формулировка","influenza virus vaccine, unspecified formulation",,,,
immun-54,  123,J07BB02,  1003499009,equivalent,Influenza A virus subtype H5N1 antigen only vaccine product,"gripp virusiga qarshi emlash, H5N1, A/Vyetnam/1203/2004 (milliy zaxira)","вакцина против вируса гриппа, H5N1, A/Вьетнам/1203/2004 (национальные запасы)","influenza virus vaccine, H5N1, A/Vietnam/1203/2004 (national stockpile)",,,,
immun-55,  10,J07BF03,871740006,equivalent,Inactivated whole Human poliovirus antigen only vaccine product,"poliovirusga qarshi emlash, faolsizlangan","полиовирусная вакцина, инактивированная","poliovirus vaccine, inactivated",,,,
immun-56,  02,"  J07BF02 
",1051000221104,source-is-broader-than-target,Live attenuated Human poliovirus serotypes 1 and 3 antigens only vaccine product in oral dose form,"trivalent poliovirus vaktsinasi, jonli, og'iz","трехвалентная полиовирусная вакцина, живая, пероральная","trivalent poliovirus vaccine, live, oral",,,,
immun-57,  89,J07BF,1031000221108,source-is-narrower-than-target,Human poliovirus antigen-containing vaccine product,"poliovirusga qarshi emlash, aniqlanmagan dozalash shakli","полиовирусная вакцина, неуточненная форма выпуска","poliovirus vaccine, unspecified formulation",,,,
immun-58,  39,J07BA02,871724008,equivalent,Japanese encephalitis virus antigen (medicinal product),Yapon ensefalitiga qarshi emlash SC,Вакцина против японского энцефалита SC,Japanese Encephalitis Vaccine SC,,,,
immun-59,  63,J07BX,860722004,equivalent,Junin virus antigen-containing vaccine product,Junin virusiga qarshi emlash,Вакцина против вируса Хунин,Junin virus vaccine,,,,
immun-60,  64,,170392001,equivalent,Leishmaniasis vaccination (procedure) |,Leyshmaniozga qarshi emlash,вакцина против лейшманиоза,leishmaniasis vaccine,,,,
immun-61,  65,,1861000221106,source-is-narrower-than-target,  Vaccine product containing only live attenuated Mycobacterium bovis antigen (medicinal product),Moxovga qarshi emlash,вакцина против проказы,leprosy vaccine,,,,
immun-62,  66,,871911001,equivalent,Borrelia burgdorferi antigen only vaccine product,Lyme kasalligiga qarshi emlash,Вакцина против болезни Лайма,Lyme disease vaccine,,,,
immun-63,  03,J07BD52,  150971000119104,equivalent,"Measles, mumps and rubella vaccination given (situation)","Qizamiq, parotit, qizilcha virusiga qarshi emlash","вакцина против вируса кори, паротита и краснухи","measles, mumps and rubella virus vaccine",,,,
immun-64,  04,"J07BD51
",871817003,equivalent,Measles morbillivirus and Rubella virus antigens only vaccine product,Qizamiq va qizilchaga qarshi emlash,Вакцина против кори и краснухи,measles and rubella virus vaccine,,,,
immun-65,  94,"J07BD54 

",4521000175102,source-is-narrower-than-target,Measles mumps and rubella vaccination not done (situation,"Qizamiq, qizilcha, qizilcha va qizilchaga qarshi emlash","вакцина против кори, паротита, краснухи и ветряной оспы","measles, mumps, rubella, and varicella virus vaccine",,,,
immun-66,  67,J07BX,420848008,source-is-narrower-than-target,Malarial prophylaxis,Bezgakga qarshi emlash,вакцина против малярии,malaria vaccine,,,,
immun-67,  05,J07BD01, 871765008,source-is-narrower-than-target,Measles morbillivirus antigen only vaccine produc,Qizamiq virusiga qarshi emlash,вакцина против вируса кори,measles virus vaccine,,,,
immun-68,  68,,1228967001,source-is-narrower-than-target,Melanoma antigen (substance),melanoma vaktsinasi,вакцина против меланомы,melanoma vaccine,,,,
immun-69,  32,J07AH01,259840006,source-is-narrower-than-target,Neisseria meningitidis group C polysaccharide antibody,meningokokk polisakkarid vaktsinasi (MPSV4),менингококковая полисахаридная вакцина (MPSV4),meningococcal polysaccharide vaccine (MPSV4),,,,
immun-70,  103,J07AH07,259840006,source-is-narrower-than-target,Neisseria meningitidis group C polysaccharide antibody,meningokokkka qarshi konjugat vaktsina C,менингококковая конъюгированная вакцина C,meningococcal C conjugate vaccine,,,,
immun-71,  114,J07AH08,23691000175109,source-is-narrower-than-target,Meningococcal vaccination,"meningokokk polisakkaridli vaktsina (A, C, Y va W-135 guruhlari) difteriya toksoid konjugat vaktsinasi (MCV4P)","вакцина менингококковая полисахаридная (группы A, C, Y и W-135) дифтерийно-токсоидная конъюгированная (MCV4P)","meningococcal polysaccharide (groups A, C, Y and W-135) diphtheria toxoid conjugate vaccine (MCV4P)",,,,
immun-72,  108,J07AH,23691000175109,source-is-narrower-than-target,Meningococcal vaccination,"meningokokk ACWY vaktsinasi, aniqlanmagan formulasi","менингококковая вакцина ACWY, неуточненная формулировка","meningococcal ACWY vaccine, unspecified formulation",,,,
immun-73,  07,J07BE01,871737006,equivalent,Mumps orthorubulavirus antigen only vaccine product,parotitga qarshi emlash,вакцина против паротита,mumps virus vaccine,,,,
immun-74,  69,,122067001,source-is-narrower-than-target,Measurement of Human parainfluenza virus 3 antibody,parainfluenza virusi-3 vaktsinasi,вакцина против вируса парагриппа-3,parainfluenza-3 virus vaccine,,,,
immun-75,  11,J07AJ01,  871758000,equivalent,Bordetella pertussis antigen only vaccine product,ko'k yo'talga qarshi emlash,вакцина против коклюша,pertussis vaccine,,,,
immun-76,  23,J07AK01, 871718002,equivalent,Yersinia pestis antigen only vaccine product,vaboga qarshi emlash,вакцина против чумы,plague vaccine,,,,
immun-77,  33,J07AL01,77891000119100,equivalent,Pneumococcal 23-valent polysaccharide vaccination given (situation),"pnevmokokk polisakkaridga qarshi emlash, 23 valentli","пневмококковая полисахаридная вакцина, 23 валентная","pneumococcal polysaccharide vaccine, 23 valent",,,,
immun-78,  100,J07AL02,1052328007,equivalent,"Vaccine product containing only Streptococcus pneumoniae Danish serotype 4, 6B, 9V, 14, 18C, 19F, and 23F capsular polysaccharide antigens conjugated (medicinal product)","pnevmokokk konjugat vaktsinasi, 7 valentli","пневмококковая конъюгированная вакцина, 7 валент","pneumococcal conjugate vaccine, 7 valent",,,,
immun-79,  109,J07AL,  12866006,equivalent,Administration of vaccine product containing only Streptococcus pneumoniae antigen (procedure),"pnevmokokkka qarshi emlash, aniqlanmagan","пневмококковая вакцина, неуточненная формулировка","pneumococcal vaccine, unspecified formulation",,,,
immun-80,  70,J07AX02,871723002,equivalent,Vaccine product containing only Coxiella burnetii antigen (medicinal product),Ku isitmasi vaktsinasi,вакцина против лихорадки Ку,Q fever vaccine,,,,
immun-81,  18,J07BG01,1131000221109,equivalent,Vaccine product containing only inactivated whole Rabies lyssavirus antigen (medicinal product),"quturganga qarshi emlash, mushak ichiga yuborish uchun OLD CODE","вакцина против бешенства, для внутримышечной инъекции СТАРЫЙ КОД","rabies vaccine, for intramuscular injection RETIRED CODE",,,,
immun-82,  40,J07BG,1131000221109,equivalent,Vaccine product containing only inactivated whole Rabies lyssavirus antigen (medicinal product),"quturishga qarshi emlash, intradermal in'ektsiya uchun","вакцина против бешенства, для внутрикожной инъекции","rabies vaccine, for intradermal injection",,,,
immun-83,  90,J07BG,871726005,equivalent,Rabies lyssavirus antigen only vaccine product,"quturishga qarshi emlash, aniqlanmagan","вакцина против бешенства, неуточненная формулировка","rabies vaccine, unspecified formulation",,,,
immun-84,  72,,121096003,source-is-narrower-than-target,Streptococcus pyogenes antigen,revmatik isitmaga qarshi emlash,вакцина против ревматической лихорадки,rheumatic fever vaccine,,,,
immun-85,  73,J07BX,709177003,source-is-narrower-than-target,Rift valley fever virus Ag,Rift vodiysi isitmasi vaktsinasi,Вакцина против лихорадки долины Рифт,Rift Valley fever vaccine,,,,
immun-86,  34,J06BB05,422303009,equivalent,Rabies immune globulin,quturgan immunoglobulini,иммуноглобулин против бешенства,rabies immune globulin,,,,
immun-87,  119,J07BH01,871761004,equivalent,Rotavirus antigen only vaccine produc,"rotavirus vaktsinasi, jonli, monovalent","ротавирусная вакцина, живая, моновалентная","rotavirus, live, monovalent vaccine",,,,
immun-88,  122,"J07BH
",836387005,equivalent,Rotavirus antigen-containing vaccine product,"rotavirusga qarshi emlash, aniqlanmagan","ротавирусная вакцина, неуточненная формулировка","rotavirus vaccine, unspecified formulation",,,,
immun-89,  116,J07BH02,  871761004,source-is-narrower-than-target,Rotavirus antigen only vaccine product,"rotavirus, jonli, pentavalent vaktsina","ротавирус, живой, пятивалентная вакцина","rotavirus, live, pentavalent vaccine",,,,
immun-90,  74,J07BH02,1081000221109,source-is-narrower-than-target,Live attenuated Rotavirus antigen only vaccine produc,"rotavirus, jonli, to'rt vaktsina","ротавирус, живой, четырехвалентная вакцина","rotavirus, live, tetravalent vaccine",,,,
immun-91,  71,,117090003,equivalent,"Respiratory syncytial virus immune globulin, human, administration by intravascular infusion","respirator sinsitial virus immunoglobulini, tomir ichiga yuborish","иммуноглобулин против респираторно-синцитиального вируса, внутривенный","respiratory syncytial virus immune globulin, intravenous",,,,
immun-92,  93,J06BB16,777050007,equivalent,Product containing only palivizumab (medicinal product),"respirator sinsitial virus monoklonal antikor (palivizumab), mushak ichiga","моноклональное антитело к респираторно-синцитиальному вирусу (паливизумаб), внутримышечно","respiratory syncytial virus monoclonal antibody (palivizumab), intramuscular",,,,
immun-93,  06,J07BJ01,  871732000,equivalent,Rubella virus antigen only vaccine product,qizilcha virusiga qarshi emlash,вакцина против вируса краснухи,rubella virus vaccine,,,,
immun-94,  38,"J07BD53
",571591000119106,source-is-narrower-than-target,"Administration of live attenuated measles, mumps, and rubella vaccine",qizilcha va parotit virusiga qarshi emlash,вакцина против вируса краснухи и паротита,rubella and mumps virus vaccine,,,,
immun-95,  76,,3092008,source-is-narrower-than-target,Staphylococcus aureus (organism),stafilokokk bakteriofag lizati,лизат бактериофага стафилококка,Staphylococcus bacteriophage lysate,,,,
immun-96,  113,J07AM51,2031000221103,equivalent,Clostridium tetani and Corynebacterium diphtheriae toxoids only adult vaccine product,"qoqshol va difteriya toksoidlari, adsorbsiyalangan, konservantlarsiz, kattalar uchun (5 l tetanus va 2 l difteriya toksoidi)","столбнячный и дифтерийный токсоиды, адсорбированные, без консервантов, для взрослого применения (5 л столбнячного токсоида и 2 л дифтерийного токсоида)","tetanus and diphtheria toxoids, adsorbed, preservative free, for adult use (5 Lf of tetanus toxoid and 2 Lf of diphtheria toxoid)",,,,
immun-97,  09,J07AM51,2031000221103,equivalent,Clostridium tetani and Corynebacterium diphtheriae toxoids only adult vaccine product,"qoqshol va difteriya toksoidlari, adsorbsiyalangan, konservantlarsiz, kattalar uchun (2 Lf tetanus va 2 Lf difteriya toksoidi)","столбнячный и дифтерийный токсоиды, адсорбированные, без консервантов, для взрослого применения (2 Lf столбнячного токсоида и 2 Lf дифтерийного токсоида)","tetanus and diphtheria toxoids, adsorbed, preservative free, for adult use (2 Lf of tetanus toxoid and 2 Lf of diphtheria toxoid)",,,,
immun-98,  115,J07AM01,2081000221102,source-is-narrower-than-target,"Pediatric vaccine product containing only acellular Bordetella pertussis, Clostridium tetani and Corynebacterium diphtheriae toxoids, Haemophilus influenzae type b capsular polysaccharide conjugated, Hepatitis B virus surface antigens (medicinal product)","tetanoz, difteriya toksini va hujayrali ko'kyo'talga qarshi emlash, adsorbsiyalangan","вакцина против столбняка, дифтерийного токсина и ацеллюлярного коклюша, адсорбированная","tetanus toxoid, reduced diphtheria toxoid, and acellular pertussis vaccine, adsorbed",,,,
immun-99,  35,J07AM01,2021000221101,equivalent,Vaccine product containing only Clostridium tetani toxoid (medicinal product),"tetanus toksoidi, adsorbsiyalangan","столбнячный анатоксоид, адсорбированный","tetanus toxoid, adsorbed",,,,
immun-100,  112,J07AM,2021000221101,equivalent,Vaccine product containing only Clostridium tetani toxoid (medicinal product),"tetanoz toksoidi, aniqlanmagan","столбнячный токсоид, неуточненная формулировка","tetanus toxoid, unspecified formulation",,,,
immun-101,  77,J07BA01, 871719005,equivalent,Tick-borne encephalitis virus antigen only vaccine produc,Shomil ensefalitiga qarshi emlash (AQShdan tashqari),Вакцина против клещевого энцефалита (не США),tick-borne encephalitis vaccine,,,,
immun-102,  13,J06BB02,  117091004,equivalent,"Tetanus immune globulin, human, issued (situation)",tetanoz immunoglobulini,столбнячный иммуноглобулин,tetanus immune globulin,,,,
immun-103,  95,V04CF,424294008,source-is-narrower-than-target, Delayed hypersensitivity skin test for tuberculin purified protein derivative (procedure),"tuberkulin teri testi; eski tuberkulin, ko'p teshikli qurilma","туберкулиновая кожная проба; старый туберкулин, многопункционное устройство","tuberculin skin test; old tuberculin, multipuncture device",,,,
immun-104,  96,V04CF,424294008,source-is-narrower-than-target,Delayed hypersensitivity skin test for tuberculin purified protein derivative (procedure),"tuberkulin teri testi; tozalangan protein lotin eritmasi, intradermal","туберкулиновая кожная проба; очищенный раствор производного белка, внутрикожно","tuberculin skin test; purified protein derivative solution, intradermal",,,,
immun-105,  97,V04CF,424294008,source-is-narrower-than-target,Delayed hypersensitivity skin test for tuberculin purified protein derivative (procedure),"tuberkulin teri testi; tozalangan oqsil hosilasi, ko'p teshikli qurilma","туберкулиновая кожная проба; очищенное производное белка, многопункционный прибор","tuberculin skin test; purified protein derivative, multipuncture device",,,,
immun-106,  98,V04CF,424294008,source-is-narrower-than-target,Delayed hypersensitivity skin test for tuberculin purified protein derivative (procedure),tuberkulin teri testi; aniqlanmagan formula,туберкулиновая кожная проба; неуточненная формула,tuberculin skin test; unspecified formulation,,,,
immun-107,  78,J07AX,871716003,equivalent,Francisella tularensis antigen only vaccine product,tulyaremiyaga qarshi emlash,вакцина против туляремии,tularemia vaccine,,,,
immun-108,  91,J07AP,961000221100,equivalent,typhoid vaccine,"tifga qarshi emlash, aniqlanmagan","вакцина против брюшного тифа, неуточненная формулировка","typhoid vaccine, unspecified formulation",,,,
immun-109,  25,J07AP01,961000221100,source-is-narrower-than-target,Vaccine product containing only Salmonella enterica subspecies enterica serovar Typhi antigen (medicinal product),"tifga qarshi emlash, jonli, og'iz","вакцина против брюшного тифа, живая, пероральная","typhoid vaccine, live, oral",,,,
immun-110,  41,"J07AP03 
",961000221100,source-is-narrower-than-target,Vaccine product containing Salmonella enterica subspecies enterica serovar Typhi antigen (medicinal product),"tifoid vaktsina, parenteral, aseton bilan o'ldirilgandan tashqari, quritilgan","вакцина против брюшного тифа, парентеральная, кроме убитой ацетоном, высушенная","typhoid vaccine, parenteral, other than acetone-killed, dried",,,,
immun-111,  53,J07AP02,961000221100,source-is-narrower-than-target,Vaccine product containing Salmonella enterica subspecies enterica serovar Typhi antigen (medicinal product),"Tifoga qarshi emlash, parenteral, aseton o'ldirilgan, quritilgan (AQSh harbiylari)","вакцина против брюшного тифа, парентеральная, убитая ацетоном, высушенная (военные США)","typhoid vaccine, parenteral, acetone-killed, dried (U.S. military)",,,,
immun-112,  101,J07AP03, 871755002,equivalent,Vaccine product containing only Salmonella enterica subspecies enterica serovar Typhi capsular polysaccharide Vi antigen (medicinal product),"Qorin tifiga qarshi emlash, kapsulali polisaxarid Vi",капсульная полисахаридная вакцина против брюшного тифа Vi,typhoid Vi capsular polysaccharide vaccine,,,,
immun-113,  75,J07BX,871727001,equivalent,Vaccine product containing only Vaccinia virus antigen (medicinal product),Chechakka qarshi emlash (chechakka qarshi vaktsina),вакцина против оспы (вакцина против оспы),vaccinia (smallpox) vaccine,,,,
immun-114,  105,J07BX,871727001,equivalent,Vaccine product containing only Vaccinia virus antigen (medicinal product),"Chechakka qarshi emlash, suyultirilgan","вакцина против оспы, разведенная","vaccinia (smallpox) vaccine, diluted",,,,
immun-115,  79,J06,717220006,equivalent,Vaccinia human immune globulin (substance),immunoglobulin vaktsinasi,иммуноглобулин вакцины,vaccinia immune globulin,,,,
immun-116,  21,"J07BJ01 
",836385002,not-mapped,Vaccine product containing Yellow fever virus antigen (medicinal product),varikella-zoster vaktsinasi,вакцина против вируса ветряной оспы,varicella virus vaccine,,,,
immun-117,  81,J07AX, 836403007,not-mapped,Vaccine product containing Tick-borne encephalitis virus antigen (medicinal product),"Venesuela ot ensefaliti, faolsizlangan","Венесуэльский энцефалит лошадей, инактивированная","Venezuelan equine encephalitis, inactivated",,,,
immun-118,  80,J07AX,121093006,source-is-narrower-than-target, Antigen of Venezuelan equine encephalitis virus (substance),"Venesuela ot ensefaliti, jonli, zaiflashgan","Венесуэльский конский энцефалит, живой, аттенуированный","Venezuelan equine encephalitis, live, attenuated",,,,
immun-119,  92,J07AX,836403007,not-mapped,Vaccine product containing Tick-borne encephalitis virus antigen (medicinal product),"Venesuela ot ensefalitiga qarshi emlash, aniqlanmagan formulasi","Вакцина против венесуэльского конского энцефалита, неуточненная формула","Venezuelan equine encephalitis vaccine, unspecified formulation",,,,
immun-120,  36,J06BB,777919007,equivalent,Product containing only Varicella-zoster virus antibody (medicinal product),herpes zosterga qarshi immunoglobulin,иммуноглобулин против опоясывающего лишая,varicella zoster immune globulin,,,,
immun-121,  117,,62294009,source-is-narrower-than-target,Product containing Varicella-zoster virus antibody (medicinal product),zoster immun globulin (yangi tadqiqot preparati),иммуноглобулин против опоясывающего лишая (новый исследуемый препарат),varicella zoster immune globulin (Investigational New Drug),,,,
immun-122,  37,J07BL01,836385002,equivalent,Vaccine product containing Yellow fever virus antigen (medicinal product,"sariq isitmaga qarshi emlash, jonli",вакцина против желтой лихорадки живая,yellow fever vaccine,,,,
immun-123,  121,J07BK02,836389008,not-mapped,Vaccine product containing Vaccinia virus antigen (medicinal product),"zoster vaktsinasi, jonli","вакцина против опоясывающего лишая, живая","zoster vaccine, live",,,,
immun-124,  998,,1296689002,equivalent,Vaccine product full volume not administered (finding),vaktsina berilmagan,вакцина не вводилась,no vaccine administered,,,,
immun-125,  999,,51116004,source-is-narrower-than-target,Passive immunization (procedure),noma'lum vaktsina yoki immun globulin,неизвестная вакцина или иммуноглобулин,unknown vaccine or immune globulin,,,,
immun-126,  99,,1256105002,not-mapped,Reserved,zaxiralangan - foydalanmang,зарезервировано - не использовать,RESERVED - do not use,,,,
immun-127,  133,J07AL02,51451000087105,equivalent,"Vaccine product containing only Streptococcus pneumoniae Danish serotype 1, 3, 4, 5, 6A, 6B, 7F, 9V, 14, 18C, 19A, 19F, and 23F capsular polysaccharide antigens conjugated (medicinal product)","pnevmokokk konjugat vaktsinasi, 13 valentli","пневмококковая конъюгированная вакцина, 13 валентная","pneumococcal conjugate vaccine, 13 valent",,,,
immun-128,  134,J07BA02,871724008,equivalent,Vaccine product containing only Japanese encephalitis virus antigen (medicinal product),Mushak ichiga yuborish uchun yapon ensefalitiga qarshi emlash,Вакцина против японского энцефалита для внутримышечного введения,Japanese Encephalitis vaccine for intramuscular administration,,,,
immun-129,  137,J07BM,836379009,equivalent,Human papillomavirus antigen-containing vaccine product,"HPV, aniqlanmagan formulasi","ВПЧ, неуточненная формулировка","HPV, unspecified formulation",,,,
immun-130,  136,"J07AH08 
",836402002,not-mapped,Bacillus Calmette-Guerin antigen-containing vaccine product,"meningokokk oligosakkarid (A, C, Y va W-135 guruhlari) difteriya toksoid konjugat vaktsinasi (MCV4O)","менингококковая олигосахаридная (группы A, C, Y и W-135) дифтерийно-токсоидная конъюгированная вакцина (MCV4O)","meningococcal oligosaccharide (groups A, C, Y and W-135) diphtheria toxoid conjugate vaccine (MCV4O)",,,,
immun-131,  135,J07BB01,229978006,not-mapped,Food preservative-free food,"Gripp, yuqori dozali, split virus, trivalent, in'ektsion, konservantsiz","Гриппозная, высокодозная, расщепленный вирус, трехвалентная, инъекционная, без консервантов","influenza, high dose seasonal, preservative-free",,,,
immun-132,  131,, 30338008,source-is-narrower-than-target,Typhus vaccination,Tifoga qarshi emlashning tarixiy rekordi,Историческая запись о вакцинации против сыпного тифа,Historical record of a typhus vaccination,,,,
immun-133,  132,J07CA,871895005,equivalent,Vaccine product containing only Bordetella pertussis and Clostridium tetani and Corynebacterium diphtheriae and Haemophilus influenzae type b and Hepatitis B virus and Human poliovirus antigens (medicinal product),"Difteriya va qoqshol, hujayrasiz ko'kyo'tal, poliovirus, Haemophilus influenzae b konjugati va gepatit B (rekombinant) ga qarshi emlashning tarixiy rekordi.","Историческая запись о вакцинации против дифтерии и столбняка, ацеллюлярного коклюша, полиовируса, конъюгата гемофильной палочки b и гепатита B (рекомбинантная).","Historical diphtheria and tetanus toxoids and acellular pertussis, poliovirus, Haemophilus b conjugate and hepatitis B (recombinant) vaccine.",,,,
immun-134,  128,J07BB,836377006,source-is-narrower-than-target,Vaccine product containing influenza virus antigen (medicinal product),"Eng yangi gripp-H1N1-09, barcha formulalar","Новейший грипп-H1N1-09, все формулы","Novel influenza-H1N1-09, all formulations",,,,
immun-135,  125,J07BB03,1181000221105,equivalent,Vaccine product containing only Influenza A virus antigen (medicinal product),"Eng yangi gripp-H1N1-09, burundan foydalanish uchun jonli virus","Новейший грипп-H1N1-09, живой вирус для назального применения","Novel Influenza-H1N1-09, live virus for nasal administration",,,,
immun-136,  126,J07BB,442696006,source-is-narrower-than-target,Influenza A H1N1,"Eng yangi gripp-H1N1-09, konservantlarsiz, in'ektsiya","Новейший грипп-H1N1-09, без консервантов, инъекционная","Novel influenza-H1N1-09, preservative-free, injectable",,,,
immun-137,  127,J07BB,442696006,source-is-narrower-than-target,Influenza A H1N1,"Yangi gripp-H1N1-09, in'ektsiya uchun","Новый грипп-H1N1-09, инъекционный","Novel influenza-H1N1-09, injectable",,,,
immun-138,  138,J07AM,2031000221103,equivalent,Clostridium tetani and Corynebacterium diphtheriae toxoids only adult vaccine product,"tetanoz va difteriya toksoidlari, adsorbsiyalanmagan, kattalar uchun foydalanish uchun","столбнячный и дифтерийный токсоиды, не адсорбированные, для взрослого применения","tetanus and diphtheria toxoids, not adsorbed, for adult use",,,,
immun-139,  139,J07AM,871826000,equivalent,Vaccine product containing only Clostridium tetani and Corynebacterium diphtheriae antigens (medicinal product),Td (kattalar uchun) aniqlanmagan formula,Td(взрослый) неуточненная формула,Td(adult) unspecified formulation,,,,
immun-140,  140,J07BB01,1181000221105,equivalent,Vaccine product containing only influenza virus antigen (medicinal product),"Gripp, split virus, trivalent, in'ektsiya, konservantsiz","Гриппозная, расщепленный вирус, трехвалентная, инъекционная, без консервантов","Influenza, seasonal, injectable, preservative free",,,,
immun-141,  129,J07BA,871724008,equivalent,Vaccine product containing only Japanese encephalitis virus antigen (medicinal product),"Yapon ensefalitiga qarshi emlash, aniqlanmagan formulasi","Вакцина против японского энцефалита, неуточненная формулировка","Japanese Encephalitis vaccine, unspecified formulation",,,,
immun-142,  141,J07BB01,1181000221105,source-is-narrower-than-target,Vaccine product containing only influenza virus antigen (medicinal product),"Gripp, split virus, trivalent, in'ektsiya, konservantni o'z ichiga oladi","Гриппозная, расщепленный вирус, трехвалентная, инъекционная, содержит консервант","Influenza, seasonal, injectable",,,,
immun-143,  142,J07AM,871742003,equivalent,Vaccine product containing only Clostridium tetani antigen (medicinal product),"tetanus toksoidi, adsorbsiyalanmagan","столбнячный токсоид, не адсорбированный","tetanus toxoid, not adsorbed",,,,
immun-144,  143,J07AX,871722007,source-is-narrower-than-target, Vaccine product containing only Adenovirus antigen (medicinal product),"Adenovirus, 4-toifa va 7-toifa, jonli, og'zaki","Аденовирус, тип 4 и тип 7, живой, пероральный","Adenovirus, type 4 and type 7, live, oral",,,,
immun-145,  144,J07BB,1181000221105,source-is-narrower-than-target,Vaccine product containing only influenza virus antigen (medicinal product),"mavsumiy gripp, intradermal, konservantlarsiz","сезонный грипп, внутрикожно, без консервантов","seasonal influenza, intradermal, preservative free",,,,
immun-146,  145,,386900007,source-is-narrower-than-target,Palivizumab (substance),"respirator sinsitial virusga monoklonal antikor (motavizumab), mushak ichiga","моноклональное антитело к респираторно-синцитиальному вирусу (мотавизумаб), внутримышечно","respiratory syncytial virus monoclonal antibody (motavizumab), intramuscular",,,,
immun-147,  146,"J07CA
",871895005,equivalent,Vaccine product containing only Bordetella pertussis and Clostridium tetani and Corynebacterium diphtheriae and Haemophilus influenzae type b and Hepatitis B virus and Human poliovirus antigens (medicinal product),"Difteriya va qoqshol toksoidlari va adsorbsiyalangan hujayrali ko'k yo'tal, inaktivatsiyalangan poliovirus, Haemophilus influenzae b konjugati (meningokokk oqsil konjugati) va gepatit B vaktsinasi (rekombinant).","Токсоиды дифтерии и столбняка и ацеллюлярный коклюш адсорбированные, инактивированный полиовирус, конъюгат гемофильной палочки b (конъюгат менингококкового белка) и вакцина против гепатита B (рекомбинантная).","Diphtheria and Tetanus Toxoids and Acellular Pertussis Adsorbed, Inactivated Poliovirus, Haemophilus b Conjugate (Meningococcal Protein Conjugate), and Hepatitis B (Recombinant) Vaccine.",,,,
immun-148,  147,J07AH08,871873006,equivalent,"Vaccine product containing only Neisseria meningitidis serogroup A, C, W135 and Y antigens (medicinal product)","Meningokokk, MCV4, aniqlanmagan konjugat formulasi (A, C, Y va W-135 guruhlari)","Менингококковая, MCV4, неуточненная конъюгированная формула (группы A, C, Y и W-135)","Meningococcal, MCV4, unspecified conjugate formulation(groups A, C, Y and W-135)",,,,
immun-149,  148,J07AG53,1119351006,equivalent,Vaccine product containing only Haemophilus influenzae type b and Neisseria meningitidis serogroup C and Y antigens (medicinal product),Meningokokk konjugat vaktsinasi C va Y guruhlari va tetanoz konjugati vaktsina b,Конъюгированная менингококковая вакцина групп C и Y и конъюгированная вакцина против столбняка b,Meningococcal Groups C and Y and Haemophilus b Tetanus Toxoid Conjugate Vaccine,,,,
immun-150,  149,J07BB03,1181000221105,source-is-narrower-than-target,Vaccine product containing only influenza virus antigen (medicinal product),"Gripp, jonli, to'rt valentli, intranazal","Гриппозная, живая, четырехвалентная, интраназальная","influenza, live, intranasal, quadrivalent",,,,
immun-151,  150,J07BB02,1181000221105,source-is-narrower-than-target,Vaccine product containing only influenza virus antigen (medicinal product),"Gripp, split virus, tetravalent, in'ektsion, konservantsiz","Грипп, расщепленный вирус, четырехвалентный, инъекционный, без консервантов","Influenza, injectable, quadrivalent, preservative free",,,,
immun-152,  152,J07AL,981000221107,source-is-narrower-than-target, Vaccine product containing only Streptococcus pneumoniae antigen (medicinal product),"Pnevmokokk konjugati, aniqlanmagan","Пневмококковый конъюгат, неуточненная формулировка","Pneumococcal Conjugate, unspecified formulation",,,,
immun-153,  153,J07BB01,1181000221105,source-is-narrower-than-target,Vaccine product containing only influenza virus antigen (medicinal product),"Gripp, Madin Darby Canin buyrak, subunit, trivalent, in'ektsiya, konservantsiz","Грипп, Мадин Дарби Канин Кидни, субъединичная, трехвалентная, инъекционная, без консервантов","Influenza, injectable, Madin Darby Canine Kidney, preservative free",,,,
immun-154,  154,J06BB,116800003,equivalent,"Administration of Hepatitis B Virus immune globulin, human (procedure)",Gepatit A immunoglobulin,Иммуноглобулин против гепатита А,Hepatitis A immune globulin,,,,
immun-155,  155,J07BB,1181000221105,source-is-narrower-than-target,Vaccine product containing only influenza virus antigen (medicinal product),"Gripp, rekombinant, trivalent, in'ektsion, konservantsiz","Грипп, рекомбинантный, трехвалентный, инъекционный, без консервантов","Seasonal, trivalent, recombinant, injectable influenza vaccine, preservative free",,,,
immun-156,  156,J06BB01,769102002,source-is-narrower-than-target,  Human anti-D immunoglobulin (substance),Rho (D) Immunoglobulin - tomir ichiga yoki mushak ichiga,Rho(D) Иммуноглобулин - внутривенно или внутримышечно,Rho(D) Immune globulin- IV or IM,,,,
immun-157,  157,J06BB01,1222886001,equivalent,Intramuscular injection of human anti-D immunoglobulin (procedure),Rho(D) immunoglobulin - IM,Иммуноглобулин Rho(D) - IM,Rho(D) Immune globulin - IM,,,,
immun-158,  158,J07BB,1181000221105,equivalent, Vaccine product containing only influenza virus antigen (medicinal product),"Gripp, split virus, tetravalent, in'ektsiya, konservantni o'z ichiga oladi","Грипп, расщепленный вирус, четырехвалентный, инъекционный, содержит консервант","influenza, injectable, quadrivalent, contains preservative",,,,
immun-159,  159,J06BB01,769102002,equivalent, Human anti-D immunoglobulin (substance),Rho(D) Aniqlanmagan formula,Rho(D) Неуточненная формулировка,Rho(D) Unspecified formulation,,,,
immun-160,  160,J07BB,1181000221105,source-is-narrower-than-target,Vaccine product containing only influenza virus antigen (medicinal product),"A grippi monovalent (H5N1), adjuvant, milliy zahira 2013 yil","Грипп А моновалентный (H5N1), адъювантный, национальный запас 2013 г.","Influenza A monovalent (H5N1), adjuvanted, National stockpile 2013",,,,
immun-161,  801,,427067006,equivalent,   Immunologic adjuvant (substance),AS03 yordamchi,AS03 Адъювант,AS03 Adjuvant,,,,
immun-162,  161,J07BB02,1181000221105,source-is-narrower-than-target,Vaccine product containing only Influenza virus antigen (medicinal product),"Gripp, in'ektsiya, to'rt valentli, konservantlarsiz, pediatrik","Гриппозная, инъекционная, четырехвалентная, без консервантов, педиатрическая","Influenza, injectable,quadrivalent, preservative free, pediatric",,,,
immun-163,  162,J07AH07,1981000221108,equivalent,Vaccine product containing only Neisseria meningitidis serogroup B antigen (medicinal product),"meningokokk B vaktsinasi, to'liq rekombinant","менингококковая вакцина В, полностью рекомбинантная","meningococcal B vaccine, fully recombinant",,,,
immun-164,  163,J07AH07,1981000221108,equivalent,Vaccine product containing only Neisseria meningitidis serogroup B antigen (medicinal product),"meningokokk B vaktsinasi, rekombinant, OMV, yordamchi","менингококковая В вакцина, рекомбинантная, ОМВ, адъювантная","meningococcal B vaccine, recombinant, OMV, adjuvanted",,,,
immun-165,  164,J07AH,1981000221108,equivalent,Vaccine product containing only Neisseria meningitidis serogroup B antigen (medicinal product),"meningokokk B, aniqlanmagan formulasi","менингококковая В, неуточненная формулировка","meningococcal B, unspecified formulation",,,,
immun-166,  165,J07BM03,836379009,source-is-narrower-than-target,Vaccine product containing human papillomavirus antigen (medicinal product),"Odam papillomavirusiga qarshi emlash, 9 valentli",Вакцина против папилломавируса человека 9-валентная,Human Papillomavirus 9-valent vaccine,,,,
immun-167,  166,J07BB02,1181000221105,source-is-narrower-than-target,Vaccine product containing only influenza virus antigen (medicinal product),"gripp, intradermal, tetravalent, konservantsiz, in'ektsiya","гриппозная, внутрикожная, четырехвалентная, без консервантов, инъекционная","influenza, intradermal, quadrivalent, preservative free, injectable",,,,
immun-168,  167,J07AH,41088001,equivalent, Administration of vaccine product containing only Neisseria meningitidis antigen (procedure),noma'lum tarkibli va noma'lum serogruplarning meningokokk vaktsinasi,менингококковая вакцина неизвестного состава и неизвестных серогрупп,meningococcal vaccine of unknown formulation and unknown serogroups,,,,
immun-169,  168,J07BB01,1181000221105,source-is-narrower-than-target, Vaccine product containing only influenza virus antigen (medicinal product),"Gripp, adjuvant, inaktiv, trivalent, in'ektsiya, konservantlarsiz","Гриппозная, адъювантная, инактивированная, трехвалентная, инъекционная, без консервантов","Seasonal trivalent influenza vaccine, adjuvanted, preservative free",,,,
immun-170,  169,J07BC,2241000221103,equivalent,Vaccine product containing only live attenuated Measles morbillivirus and Mumps orthorubulavirus and Rubella virus antigens (medicinal product),"Gepatit A, jonli zaiflashgan-IM","Гепатит А, живая аттенуированная-IM","Hep A, live attenuated-IM",,,,
immun-171,  170,J07CA,871887006,equivalent,Vaccine product containing only Bordetella pertussis and Clostridium tetani and Corynebacterium diphtheriae and Haemophilus influenzae type b and Human poliovirus antigens (medicinal product),"difteriya, qoqshol, hujayrasiz ko'kyo'talga qarshi vaktsina, Haemophilus influenzae turi b konjugati va poliovirus vaktsinasi, inaktivatsiyalangan (DTaP-Hib-IPV), AQShdan tashqari","вакцина против дифтерии, столбняка и ацеллюлярного коклюша, конъюгат Haemophilus influenzae типа b и полиовирусная вакцина, инактивированная (DTaP-Hib-IPV), не относящиеся к США","non-US diphtheria, tetanus toxoids and acellular pertussis vaccine, Haemophilus influenzae type b conjugate, and poliovirus vaccine, inactivated (DTaP-Hib-IPV)",,,,
immun-172,  171,J07BB,1181000221105,source-is-narrower-than-target,Vaccine product containing only influenza virus antigen (medicinal product),"Gripp, Madin Darby Canin buyrak, subunit, to'rt valentli, in'ektsiya, konservantlarsiz","Гриппозная, Мадин Дарби Канин Кидни, субъединичная, четырехвалентная, инъекционная, без консервантов","Influenza, injectable, Madin Darby Canine Kidney, preservative free, quadrivalent",,,,
immun-173,  172,J07AE01,991000221105,equivalent,Vaccine product containing only Vibrio cholerae antigen (medicinal product),"vabo, WC-rBS","холера, WC-rBS","cholera, WC-rBS",,,,
immun-174,  173,J07AE02,991000221105,equivalent,Vaccine product containing only Vibrio cholerae antigen (medicinal product),"vabo, BivWC","холера, BivWC","cholera, BivWC",,,,
immun-175,  174,J07AE02,991000221105,equivalent,Vaccine product containing only Vibrio cholerae antigen (medicinal product),"vabo, jonli zaiflashgan","холера, живая аттенуированная","cholera, live attenuated",,,,
immun-176,  175,J07BG01,871726005,source-is-narrower-than-target,Vaccine product containing only Rabies lyssavirus antigen (medicinal product),Inson diploid hujayra madaniyatidan odam quturgan vaktsinasi,Вакцина против бешенства человека из культуры диплоидных клеток человека,Human Rabies vaccine from human diploid cell culture,,,,
immun-177,  176,J07BG02,871726005,source-is-narrower-than-target,Vaccine product containing only Rabies lyssavirus antigen (medicinal product),Tovuq fibroblast madaniyatidan odam quturishga qarshi emlash,Вакцина против бешенства человека из культуры куриных фибробластов,Human rabies vaccine from Chicken fibroblast culture,,,,
immun-178,  177,J07AL02,981000221107,source-is-narrower-than-target,Vaccine product containing only Streptococcus pneumoniae antigen (medicinal product),"Pnevmokokk konjugat vaktsinasi, 10 valentli","пневмококковая конъюгированная вакцина, 10 валентная","pneumococcal conjugate vaccine, 10 valent",,,,
immun-179,  178,"
J07BF01",871739009,source-is-narrower-than-target,Vaccine product containing only Human poliovirus antigen (medicinal product),AQShdan tashqari poliomielitga qarshi ikki valentli og'iz vaktsinasi (1 va 3 turdagi),Неамериканская бивалентная оральная полиомиелитная вакцина (типы 1 и 3),Non-US bivalent oral polio vaccine (types 1 and 3),,,,
immun-180,  179,J07BF0*,871739009,source-is-narrower-than-target,Vaccine product containing only Human poliovirus antigen (medicinal product),"AQShdan tashqari bir valentli og'iz poliomielitga qarshi emlash, aniqlanmagan","Неамериканская моновалентная оральная полиомиелитная вакцина, неуточненная формулировка","Non-US monovalent oral polio vaccine, unspecified formulation",,,,
immun-181,  180,J07BF0*,777723009,equivalent,Product containing only tetanus antitoxin (medicinal product),tetanoz immunoglobulini,иммуноглобулин против столбняка,tetanus immune globulin,,,,
immun-182,  181,J07AC,120876003,source-is-narrower-than-target,   Antibody to Bacillus anthracis (substance),kuydirgi immunoglobulini,иммуноглобулин против сибирской язвы,anthrax immune globulin,,,,
immun-183,  182,J07BF0*,871739009,equivalent,Vaccine product containing only Human poliovirus antigen (medicinal product),"Og'iz orqali poliomielitga qarshi emlash, aniqlanmagan","Оральная полиомиелитная вакцина, неуточненная формулировка","Oral Polio Vaccine, Unspecified formulation",,,,
immun-184,  183,J07BL01,871717007,equivalent,Vaccine product containing only Yellow fever virus antigen (medicinal product),"Sariq isitmaga qarshi emlash, jonli - vaktsina etishmovchiligi bo'lgan taqdirda muqobil formula",Вакцина против желтой лихорадки живая - альтернативная формулировка на случай нехватки вакцины,Yellow fever vaccine alternative formulation,,,,
immun-185,  184,J07BL,871717007,equivalent,Vaccine product containing only Yellow fever virus antigen (medicinal product),"Sariq isitmaga qarshi emlash, aniqlanmagan","Вакцина против желтой лихорадки, неуточненная формулировка","Yellow fever vaccine, unspecified formulation",,,,
immun-186,  185,J07BB02,1181000221105,source-is-narrower-than-target,Vaccine product containing only influenza virus antigen (medicinal product),"Gripp, rekombinant, tetravalent, in'ektsiya, konservantsiz","Гриппозная, рекомбинантная, четырехвалентная, инъекционная, без консервантов","Seasonal, quadrivalent, recombinant, injectable influenza vaccine, preservative free",,,,
immun-187,  186,J07BB0*,1181000221105,source-is-narrower-than-target,Vaccine product containing only influenza virus antigen (medicinal product),"Gripp, Madin Darbi Canin buyrak, subunit, tetravalent, in'ektsiya, konservantni o'z ichiga oladi","Грипп, Мадин Дарби Канин Кидни, субъединичная, четырехвалентная, инъекционная, содержит консервант","Influenza, injectable, Madin Darby Canine Kidney, quadrivalent with preservative",,,,
immun-188,  187,J07BK03,836369007,equivalent,Vaccine product containing virus antigen (medicinal product),Zoster vaktsinasi rekombinanti,вакцина зостер рекомбинантная,zoster vaccine recombinant,,,,
immun-189,  188,J07BK,836369007,equivalent,Vaccine product containing virus antigen (medicinal product),"zoster vaktsinasi, aniqlanmagan","вакцина против опоясывающего лишая, неуточненная формулировка","zoster vaccine, unspecified formulation",,,,
immun-190,  189,J07BC01,871822003,source-is-narrower-than-target,Vaccine product containing only Hepatitis B virus antigen (medicinal product),"Gepatit B vaktsinasi (rekombinant), CpG adjuvant","Вакцина против гепатита В (рекомбинантная), с адъювантом CpG","Hepatitis B vaccine (recombinant), CpG adjuvanted",,,,
immun-191,  190,J07AP02,961000221100,equivalent,   Vaccine product containing only Salmonella enterica subspecies enterica serovar Typhi antigen (medicinal product),Tifoga qarshi konjugat vaktsina (AQShdan tashqari),Тифозная конъюгированная вакцина (не США),Typhoid conjugate vaccine (non-US),,,,
immun-192,  191,J07AH03,1252690003,equivalent,Vaccine product containing only Neisseria meningitidis serogroup A antigen (medicinal product),meningokokk polisakkarid vaktsinasi A (AQShdan tashqari),менингококковая полисахаридная вакцина А (не США),meningococcal A polysaccharide vaccine (non-US),,,,
immun-193,  192,J07AH04,871871008,equivalent, Vaccine product containing only Neisseria meningitidis serogroup A and C antigens (medicinal product),meningokokk polisakkarid vaktsinasi AC (AQShdan tashqari),менингококковая полисахаридная вакцина АС (не США),meningococcal AC polysaccharide vaccine (non-US),,,,
immun-194,  193,J07BC20,871803007,source-is-narrower-than-target,Vaccine product containing only Hepatitis A and Hepatitis B virus antigens (medicinal product),"gepatit A va gepatit B vaktsinasi, bolalar/o'smirlar (AQShdan tashqari)","вакцина против гепатита А и гепатита В, педиатрическая/подростковая (не США)","hepatitis A and hepatitis B vaccine, pediatric/adolescent (non-US)",,,,
immun-195,  194,J07BB,1181000221105,equivalent,Vaccine product containing only influenza virus antigen (medicinal product),"gripp, janubiy yarim shar, aniqlanmagan","грипп, Южное полушарие, неуточненная формулировка","influenza, Southern Hemisphere, unspecified formulation",,,,
immun-196,  195,J07CA02,871826000,equivalent,Vaccine product containing only Clostridium tetani and Corynebacterium diphtheriae antigens (medicinal product),"Difteriya, tetanoz, poliomielit adsorbsiyalangan","Дифтерия, столбняк, полиомиелит адсорбированная","Diphtheria, Tetanus, Poliomyelitis adsorbed",,,,
immun-197,  196,J07AM51,871827009,equivalent,Vaccine product containing only Clostridium tetani and low dose Corynebacterium diphtheriae antigens (medicinal product),"Qoqshol va difteriya toksoidlari, adsorbsiyalangan, saqlanmagan, kattalar uchun foydalanish, Lf aniqlanmagan","Токсоиды столбняка и дифтерии, адсорбированные, без консервантов, для взрослого применения, Lf неуточненная","tetanus and diphtheria toxoids, adsorbed, preservative free, for adult use, Lf unspecified",,,,
immun-198,  197,J07BB02,1181000221105,source-is-narrower-than-target,Vaccine product containing only influenza virus antigen (medicinal product),"Gripp, yuqori dozali, split virus, tetravalent, in'ektsiya, saqlanmagan","Грипп, высокая доза, расщепленный вирус, четырехвалентный, инъекционный, без консервантов","influenza, high-dose seasonal, quadrivalent, .7mL dose, preservative free",,,,
immun-199,  200,J07BB02,1181000221105,source-is-narrower-than-target,Vaccine product containing only influenza virus antigen (medicinal product),"gripp, mavsumiy, janubiy yarim shar, tetravalent, bolalar dozasi 0,25 ml, konservantlarsiz","грипп, сезонный, Южное полушарие, четырехвалентный, педиатрическая доза 0,25 мл, без консервантов","influenza, seasonal, Southern Hemisphere, quadrivalent, pediatric 0.25mL dose, preservative free",,,,
immun-200,  201,J07BB02,1181000221105,source-is-narrower-than-target,Vaccine product containing only influenza virus antigen (medicinal product),"gripp, mavsumiy, janubiy yarim shar, tetravalent, dozasi 0,5 ml, konservantsiz","грипп, сезонный, Южное полушарие, четырехвалентный, доза 0,5 мл, без консерванта","influenza, seasonal, Southern Hemisphere, quadrivalent, 0.5mL dose, no preservative",,,,
immun-201,  202,J07BB02,1181000221105,source-is-narrower-than-target,Vaccine product containing only influenza virus antigen (medicinal product),"gripp, mavsumiy, janubiy yarim shar, tetravalent, dozasi 0,5 ml, konservant bilan","грипп, сезонный, Южное полушарие, четырехвалентный, доза 0,5 мл, с консервантом","influenza, seasonal, Southern Hemisphere, quadrivalent, 0.5mL dose, with preservative",,,,
immun-202,  198,J07CA09,871886002,equivalent,Vaccine product containing only Bordetella pertussis and Clostridium tetani and Corynebacterium diphtheriae and Haemophilus influenzae type b and Hepatitis B virus antigens (medicinal product),"difteriya, ko'k yo'tal, qoqshol, gepatit B, gemofil influenzae turi b, (besh valentli)","дифтерия, коклюш, столбняк, гепатит В, гемофильный грипп типа b, (пентавалент)","Diphtheria, pertussis, tetanus, hepatitis B, Haemophilus Influenza Type b, (Pentavalent)",,,,
immun-203,  203,"J07AH08
",871873006,equivalent,"Vaccine product containing only Neisseria meningitidis serogroup A, C, W135 and Y antigens (medicinal product)","Meningokokk polisakkaridlari (A, C, Y, W-135 guruhlari) tetanoz konjugati vaktsinasi 0,5 ml dozada, konservantsiz","полисахарид менингококка (группы A, C, Y, W-135) конъюгированная вакцина против столбняка 0,5 мл доза, без консерванта","meningococcal polysaccharide (groups A, C, Y, W-135) tetanus toxoid conjugate vaccine .5mL dose, preservative free",,,,
immun-204,  205,J07BB02,1181000221105,source-is-narrower-than-target,Vaccine product containing only influenza virus antigen (medicinal product),"Gripp, adjuvantlangan, inaktivatsiyalangan, tetravalent, in'ektsion, konservantsiz","Гриппозная, адъювантная, инактивированная, четырехвалентная, инъекционная, без консервантов","influenza, seasonal vaccine, quadrivalent, adjuvanted, .5mL dose, preservative free",,,,
immun-205,  206,J07BX01,1293025000,equivalent,Vaccine product containing only modified Vaccinia virus Ankara antigen (medicinal product),"Maymunchechakka qarshi emlash, jonli zaiflashtirilgan, konservantlarsiz, teri ostiga yoki teri ichiga yuborish.","Вакцина против оспы обезьян, живая аттенуированная, без консервантов, подкожная или внутрикожная инъекция","smallpox monkeypox vaccine, live attenuated, preservative free (National Stockpile)",,,,
immun-206,  207,J07BX03,1119349007,equivalent,Vaccine product containing only severe acute respiratory syndrome coronavirus 2 messenger ribonucleic acid (medicinal product),"SARS-COV-2 (COVID-19) vaktsinasi, mRNK, boshoq oqsili, LNP, konservantlarsiz, 100 mkg/0,5 ml yoki 50 mkg/0,25 ml doza","Вакцина SARS-COV-2 (COVID-19), мРНК, спайк-протеин, LNP, без консервантов, доза 100 мкг/0,5 мл или 50 мкг/0,25 мл","SARS-COV-2 (COVID-19) vaccine, mRNA, spike protein, LNP, preservative free, 100 mcg/0.5mL dose",,,,
immun-207,  208,J07BX03,1119349007,equivalent,Vaccine product containing only severe acute respiratory syndrome coronavirus 2 messenger ribonucleic acid (medicinal product),"SARS-COV-2 (COVID-19) vaktsinasi, mRNK, boshoq oqsili, LNP, konservantlarsiz, 30 mkg/0,3 ml doza","Вакцина SARS-COV-2 (COVID-19), мРНК, шиповидный белок, LNP, без консервантов, доза 30 мкг/0,3 мл","SARS-COV-2 (COVID-19) vaccine, mRNA, spike protein, LNP, preservative free, 30 mcg/0.3mL dose",,,,
immun-208,  213,J07BX03,1119305005,equivalent,Vaccine product containing only severe acute respiratory syndrome coronavirus 2 messenger ribonucleic acid (medicinal product),"SARS-COV-2 (COVID-19) vaksinasi, RUKSAT BERILMAGAN","Вакцина SARS-COV-2 (COVID-19), НЕРАЗРЕШЕННАЯ","SARS-COV-2 (COVID-19) vaccine, UNSPECIFIED",,,,
immun-209,  210,J07BX03,1119305005,equivalent,Vaccine product containing only severe acute respiratory syndrome coronavirus 2 antigen (medicinal product),"SARS-COV-2 (COVID-19) vaktsinasi, takrorlanmaydigan vektor, rekombinant boshoqli oqsil-ChAdOx1, konservantsiz, 0,5 ml","Вакцина SARS-COV-2 (COVID-19), вектор нереплицирующийся, рекомбинантный спайковый белок-ChAdOx1, без консервантов, 0,5 мл","SARS-COV-2 (COVID-19) vaccine, vector non-replicating, recombinant spike protein-ChAdOx1, preservative free, 0.5 mL",,,,
immun-210,  212,J07BX03,1119305005,source-is-narrower-than-target,Vaccine product containing only severe acute respiratory syndrome coronavirus 2 antigen (medicinal product),"SARS-COV-2 (COVID-19) vaktsinasi, takrorlanmaydigan vektor, rekombinant boshoq oqsili-Ad26, konservantsiz, 0,5 ml","Вакцина SARS-COV-2 (COVID-19), вектор нереплицирующийся, рекомбинантный спайковый белок-Ad26, без консервантов, 0,5 мл","SARS-COV-2 (COVID-19) vaccine, vector non-replicating, recombinant spike protein-ChAdOx1, preservative free, 0.5 mL",,,,
immun-211,  204,J07BX02,45891000087103,equivalent,Vaccine product containing only live attenuated Zaire ebolavirus antigen (medicinal product),"Ebola vaktsinasi Zaire, jonli, rekombinant, 1 ml doza","Вакцина Эбола Заир, живая, рекомбинантная, доза 1 мл","Ebola Zaire vaccine, live, recombinant, 1mL dose",,,,
immun-212,  214,J07BX02,871721000,equivalent,Vaccine product containing only Ebolavirus antigen (medicinal product),"Ebola, aniqlanmagan","Эбола, неуточненная","Ebola, unspecified",,,,
immun-213,  211,,1162643001,equivalent,SARS-CoV-2 recombinant spike protein antigen vaccine,"SARS-CoV-2 (COVID-19) ga qarshi vaksina, subbirlikli, rekombinant spike-oqsil nanozarrachali + Matrix-M1 ad’yuvantli, konservantsiz, har doza 0,5 ml","Вакцина против SARS-CoV-2 (COVID-19), субъединичная, рекомбинантный наночастичный спайк-белок с адъювантом Matrix-M1, без консервантов, 0,5 мл на дозу","SARS-COV-2 (COVID-19) vaccine, Subunit, recombinant spike protein-nanoparticle+Matrix-M1 Adjuvant, preservative free, 0.5mL per dose",,,,
immun-214,  AGRPAL,J07BB02,2081000221102,source-is-narrower-than-target,"Pediatric vaccine product containing only acellular Bordetella pertussis, Clostridium tetani and Corynebacterium diphtheriae toxoids, Haemophilus influenzae type b capsular polysaccharide conjugated, Hepatitis B virus surface antigens (medicinal product)",Agrippal,Агриппал,Agrippal,,,,
immun-215,  AVAXM,J07BC02,871822003,source-is-narrower-than-target,Vaccine product containing only Hepatitis B virus antigen (medicinal product),Avaxim,Аваксим,Avaxim,,,,
immun-216,  BCG,J07AN01,  1861000221106,equivalent,Vaccine product containing only live attenuated Mycobacterium bovis antigen (medicinal product),,,BCG,,,,
immun-217,  CDT,J07AM51,277353005,equivalent,Connected discourse tracking (procedure),Bog‘langan nutqni baholash / kuzatish (protsedura),Оценка/отслеживание связной речи (процедура),CDT,,,,
immun-218,  CMX,J07CA09,871806004,source-is-narrower-than-target,Haemophilus influenzae type b conjugate and Hepatitis B vaccine,Comvax,Комвакс,COMVAX,,,,
immun-219,  DTP,J07AJ01,871875004,equivalent,"Diphtheria, Tetanus, Pertussis vaccine","Uch komponentli vaksina (difteriya, qoqshol, ko‘kyo‘talga qarshi)","Тройная вакцина (дифтерия, столбняк, коклюш)",Triple Antigen,,,,
immun-220,  DTPA,J07AJ52,429461005,equivalent,DTPA - Diethylenetriaminepentaacetic acid,"Difteriya, qoqshol va atsellyulyar ko‘kyo‘talga qarshi vaksin","Вакцина против дифтерии, столбняка и ацеллюлярного коклюша",DTPa,,,,
immun-221,  ENGP,J07BC01,871925000,source-is-narrower-than-target, Vaccine product containing only Hepatitis B virus surface protein antigen (medicinal product),Gepatit B ga qarshi vaksina,Вакцина против гепатита B,Engerix B,,,,
immun-222,  FLRIX,J07BB02,1181000221105,source-is-narrower-than-target,Vaccine product containing only influenza virus antigen (medicinal product),Inaktivatsiyalangan grippga qarshi vaksina,Инактивированная вакцина против гриппа,Fluarix,,,,
immun-223,  FLUVAX,J07BB02,1181000221105,source-is-narrower-than-target,"Influenza virus vaccine, inactivated",Fluvax,Флювакс,Fluvax,,,,
immun-224,  FLVRN,J07BB02,1181000221105,source-is-narrower-than-target,Vaccine product containing only influenza virus antigen (medicinal product),Fluvirin,Флювирин,Fluvirin,,,,
immun-225,  FVXJNR,J07BB02,1181000221105,source-is-narrower-than-target,Vaccine product containing only influenza virus antigen (medicinal product),Fluvax vaksinasining bolalar uchun shakli,Детская форма вакцины Fluvax,Fluvax Junior,,,,
immun-226,  GNDIP,J07AF01,397430003,equivalent,Diphtheria caused by Corynebacterium diphtheriae (disorder),Difteriyaga qarshi vaksina,Вакцина против дифтерии,Diphtheria,,,,
immun-227,  GNFLU,J07BB,  6142004,equivalent,Influenza,Grippga qarshi vaksina,Вакцина против гриппа,Influenza,,,,
immun-228,  GNHEP,J07BC01,   66071002,equivalent,Viral hepatitis type B,Gepatit B ga qarshi vaksina,Вакцина против гепатита B,Hepatitis B,,,,
immun-229,  GNHIB,J07AG01,2041000221105,equivalent,Vaccine product containing only Haemophilus influenzae type b capsular polysaccharide antigen conjugated (medicinal product),Haemophilus influenzae b turi ga qarshi vaksina,Вакцина против Haemophilus influenzae типа b,HIB,,,,
immun-230,  GNHPA,J07BC02,  40468003,equivalent,Hepatitis A,Gepatit A ga qarshi vaksina,Вакцина против гепатита A,Hepatitis A,,,,
immun-231,  GNJEN,J07BA02, 52947006,equivalent,Japanese encephalitis virus disease (disorder),Yapon ensefalitiga qarshi vaksina,Вакцина против японского энцефалита,Japanese Encephalitis,,,,
immun-232,  GNMEA,J07BD01, 14189004,equivalent,Measles,Qizamiqqa qarshi vaksina,Вакцина против кори,Measles,,,,
immun-233,  GNMEN,J07AH07,  33618002,equivalent,Meningococcal serogroup C vaccine,Meningokokk C seroguruhiga qarshi vaksina,Вакцина против менингококка серогруппы C,Meningococcal C,,,,
immun-234,  GNMUM,J07BE01,  36989005,equivalent,Mumps,Epidemik parotitga qarshi vaksina,Вакцина против эпидемического паротита,Mumps,,,,
immun-235,  GNPNE,J07AL,  981000221107,equivalent,Streptococcus pneumoniae antigen only vaccine product,Pnevmokokkga qarshi vaksina,Пневмококковая вакцина,Pneumococcal,,,,
immun-236,  GNPOL,J07BF,398102009,equivalent,Acute poliomyelitis,Poliomiyelit,Полиомиелит,Polio,,,,
immun-237,  GNROX,J07BH,  417542000,equivalent,Rotavirus,Rotavirus,Ротавирус,Rotavirus,,,,
immun-238,  GNRUB,J07BJ01,  36653000,equivalent,Rubella,Qizilcha,Краснуха,Rubella,,,,
immun-239,  GNTET,J07AM01,  76902006,equivalent,Tetanus,Qoqshol,Столбняк,Tetanus,,,,
immun-240,  GNVAR,J07BK01, 38907003,equivalent,Varicella,Suvchechak,Ветряная оспа,Varicella,,,,
immun-241,  HATWNJ,J07BC20,871803007,source-is-narrower-than-target,Vaccine product containing only Hepatitis A and Hepatitis B virus antigens (medicinal product),Twinrix Junior,Твинрикс Юниор,Twinrix Junior,,,,
immun-242,  HAVAQ,J07BC02,871751006,source-is-narrower-than-target,Vaccine product containing only Hepatitis A virus antigen (medicinal product),Vakta Ped/Adol,Вакта Пед/Адол,Vaqta Paed/Adol,,,,
immun-243,  HAVJ,J07BC02,871751006,source-is-narrower-than-target,Vaccine product containing only Hepatitis A virus antigen (medicinal product),Havrix Junior,Хаврикс Юниор,Havrix Junior,,,,
immun-244,  HBOC,J07AG01,2041000221105,source-is-narrower-than-target,Vaccine product containing only Haemophilus influenzae type b capsular polysaccharide antigen conjugated (medicinal product),HibTITER,ХибТИТЕР,HibTITER,,,,
immun-245,  HBV,J07BC01,81665004,equivalent,Hepatitis B virus,HBV,HBV,HBV,,,,
immun-246,  HBVP,J07BC01,871822003,source-is-narrower-than-target,Vaccine product containing only Hepatitis B virus antigen (medicinal product),HBVAX II,HBVAX II,HBVAX II,,,,
immun-247,  HBX,J07AG01,2041000221105,source-is-narrower-than-target,Vaccine product containing only Haemophilus influenzae type b capsular polysaccharide antigen conjugated (medicinal product),Hiberix,Хиберикс,Hiberix,,,,
immun-248,  IFHX,J07CA09,871895005,source-is-narrower-than-target,Vaccine product containing only Bordetella pertussis and Clostridium tetani and Corynebacterium diphtheriae and Haemophilus influenzae type b and Hepatitis B virus and Human poliovirus antigens (medicinal product),"Infanrix Hexa (olti komponentli vaktsina: difteriya, ko'kyo'tal, tetanoz, poliomielit, Hib, gepatit B)","Инфанрикс Гекса (шестикомпонентная вакцина: дифтерия, коклюш, столбняк, полиомиелит, Hib, гепатит B)",Infanrix Hexa,,,,
immun-249,  IFIP,J07CA02,1381704004,source-is-narrower-than-target,Vaccine product containing only acellular Bordetella pertussis and Clostridium tetani and Corynebacterium diphtheriae and Human poliovirus antigens (medicinal product),"Infanrix IPV (beshlik vaktsina: difteriya, ko'kyo'tal, qoqshol, poliomielit, Hib)","Инфанрикс IPV (пятикомпонентная вакцина: дифтерия, коклюш, столбняк, полиомиелит, Hib)",Infanrix-IPV,,,,
immun-250,  IFPA,J07CA06,871891001,source-is-narrower-than-target,Vaccine product containing only acellular Bordetella pertussis and Clostridium tetani and Corynebacterium diphtheriae and Hepatitis B virus and inactivated whole Human poliovirus antigens (medicinal product),"Infanrix Penta (beshlik: difteriya, ko'kyo'tal, qoqshol, poliomielit, Hib)","Инфанрикс Пента (пятикомпонентная: дифтерия, коклюш, столбняк, полиомиелит, Hib)",Infanrix Penta,,,,
immun-251,  IFX,J07AJ52,252331000,source-is-narrower-than-target,Immunofixation,"Infanrix (odatda uch komponentli vaktsina: difteriya, ko'kyo'tal, qoqshol)","Инфанрикс (обычно это трёхкомпонентная вакцина: дифтерия, коклюш, столбняк)",Infanrix,,,,
immun-252,  IFXB,J07CA05,1156879008,equivalent,Vaccine product containing only Bordetella pertussis and Clostridium tetani and Corynebacterium diphtheriae and Hepatitis B virus antigens (medicinal product),"Infanrix hepB (to'rtta: difteriya, ko'kyo'tal, qoqshol, gepatit B)","Инфанрикс гепВ (четырёхкомпонентная: дифтерия, коклюш, столбняк, гепатит B)",InfanrixHepB,,,,
immun-253,  INFLUV,J07BB02,1181000221105,source-is-narrower-than-target,Vaccine product containing only influenza virus antigen (medicinal product),Influvac (inaktivlangan grippga qarshi emlash),"Инфлювак (вакцина против гриппа, инактивированная)",Influvac,,,,
immun-254,  10,J07BF03,1366377002,source-is-narrower-than-target,"poliovirus vaccine, inactivated","IPOL (poliomielitga qarshi emlash, poliomielitga qarshi vaktsinalar)","ИПОЛ (полииовакцина, вакцина против полиомиелита)",IPOL,,,,
immun-255,  JEVAX,J07BA02,871724008,source-is-narrower-than-target,Vaccine product containing only Japanese encephalitis virus antigen (medicinal product),JE-VAX (Yapon ensefalitiga qarshi emlash),ДЖЕ‑ВАКС (вакцина против японского энцефалита),JE-VAX,,,,
immun-256,  MENJUG,J07AH07,871866001,source-is-narrower-than-target,Vaccine product containing only Neisseria meningitidis serogroup C antigen (medicinal product),Menjugat (meningokokk C guruhidan himoya qiluvchi meningokokk konjugatli vaktsina),"Меньюгейт (менингококковая конъюгированная вакцина, защищающая от менингококка группы C)",Menjugate,,,,
immun-257,  MENTEC,J07AH07,871866001,source-is-narrower-than-target,Vaccine product containing only Neisseria meningitidis serogroup C antigen (medicinal product),"Meningitec (A, C, W135, Y seroguruhlaridan himoya qiluvchi meningokokk konjugatli vaktsina)","Менингитек (менингококковая конъюгированная вакцина, защищающая от серогрупп A, C, W135, Y)",Meningitec,,,,
immun-258,  MENUME,J07AH04,871873006,source-is-narrower-than-target,"Vaccine product containing only Neisseria meningitidis serogroup A, C, W135 and Y antigens (medicinal product)","Menomen (meningokokk kasalligiga qarshi polisaxaridli emlash, A va C seroguruhlari)","Меномен (полисахаридная вакцина против менингококковой инфекции, серогруппа A и C)",Menomune,,,,
immun-259,  MENVAX,J07AH08,871873006,source-is-narrower-than-target,"Vaccine product containing only Neisseria meningitidis serogroup A, C, W135 and Y antigens (medicinal product)","MencevaxACWY (meningokokk polisakkaridiga qarshi vaktsinalar A, C, W135 va Y seroguruhlari)","Менцевакс ACWY (менингококковая полисахаридная вакцина серогрупп A, C, W135 и Y)",Mencevax ACWY,,,,
immun-260,  MMR,J07BD52,871831003,equivalent,MMR (measles and mumps and rubella) vaccine,"MMR (qizamiq, qizilcha va qizilchaga qarshi emlash)","КПК (комбинированная вакцина против кори, паротита и краснухи)",MMR,,,,
immun-261,  MMRCSL,J07BD52,2241000221103,source-is-narrower-than-target, Vaccine product containing only live attenuated Measles morbillivirus and Mumps orthorubulavirus and Rubella virus antigens (medicinal product),"M-M-RII (MMR vaktsinasining brend nomi, M-M-RII kabi)","М‑М‑Р II (торговая марка вакцины КПК, например, M‑M‑R II)",MMR II,,,,
immun-262,  MMRSKB,J07BD52,2241000221103,source-is-narrower-than-target,Vaccine product containing only live attenuated Measles morbillivirus and Mumps orthorubulavirus and Rubella virus antigens (medicinal product),Priorix (GSK tomonidan ishlab chiqarilgan MMR vaktsinasi),Приорикс (КПК вакцина производства GSK),Priorix,,,,
immun-263,  MNTRX,J07AG52,836500008,source-is-narrower-than-target,Vaccine product containing only Haemophilus influenzae type b and Neisseria meningitidis serogroup C antigens (medicinal product),"Menitorix (konjugat meningokokk-irsiy vaktsina, ehtimol Menitorix - Hib va ​​meningokokkka qarshi)","ениторикс (конъюгированная менингококково-геникогенная вакцина, скорее всего, Menitorix — против Hib и менингококка)",Menitorix,,,,
immun-264,  NEISVC,J07AH07,871866001,source-is-narrower-than-target,Vaccine product containing only Neisseria meningitidis serogroup C antigen (medicinal product),NeisVac-C (meningokokk seroguruhi C ga qarshi konjugat vaktsina),НеисВак‑C (конъюгированная вакцина против менингококка серогруппы C),NeisVac-C,,,,
immun-265,  OPV,J07BF, 398102009,equivalent,Acute poliomyelitis (disorder) |,IPV/Poliomielit (poliomielitga qarshi emlash),ИПВ/Полио (вакцина против полиомиелита),Polio,,,,
immun-266,  P,J07AJ01,27836007,equivalent,Pertussis,Ko'k yo'tal (ko'k yo'talga qarshi emlash),Коклюш (вакцина против коклюша),Pertussis,,,,
immun-267,  PANVAX,J07BB02,871772009,source-is-narrower-than-target,Vaccine product containing only Influenza A virus subtype H1N1 antigen (medicinal product),"Panvax (vaksina nomi - ehtimol kombinatsiya, aniq ma'lumotlar topilmadi)","Панвакс (название вакцины — возможно комбинированная, точные данные не найдены)",Panvax,,,,
immun-268,  PDCL,J07CA06,871888001,source-is-narrower-than-target,Vaccine product containing only acellular Bordetella pertussis and Clostridium tetani and Corynebacterium diphtheriae and Haemophilus influenzae type b and inactivated whole Human poliovirus antigens (medicinal product),"Pediacel (beshlik vaktsina: difteriya, ko'kyo'tal, tetanoz, poliomielit, Hib)","Педиасел (пятикомпонентная вакцина: дифтерия, коклюш, столбняк, полиомиелит, Hib)",Pediacel,,,,
immun-269,  PLCL,J07CA02,871888001,source-is-narrower-than-target,Vaccine product containing only acellular Bordetella pertussis and Clostridium tetani and Corynebacterium diphtheriae and Haemophilus influenzae type b and inactivated whole Human poliovirus antigens (medicinal product),Polyacel (poliomielitga qarshi emlash; ehtimol IPV ga o'xshaydi),"Полиацел (вакцина от полиомиелита; вероятно, аналог IPV)",Poliacel,,,,
immun-270,  PNEUMO,J07AL01,981000221107,equivalent,Vaccine product containing only Streptococcus pneumoniae antigen (medicinal product),Pneumovax (pnevmokokka qarshi polisaxaridli vaktsina),Пневмовакс (полисахаридная вакцина против пневмококка),Pneumovax,,,,
immun-271,  PRPD,J07AG01,871764007,source-is-narrower-than-target,Vaccine product containing only Haemophilus influenzae type b antigen (medicinal product),ProHIBit (Haemophilus influenzae turi b - Hibga qarshi vaktsina),ПроХИБит (вакцина против Haemophilus influenzae типа b — Hib),ProHIBit,,,,
immun-272,  PROQAD,J07BD54,2251000221101,equivalent, Vaccine product containing only live attenuated Measles morbillivirus and Mumps orthorubulavirus and Rubella virus and Human alphaherpesvirus 3 antigens (medicinal product),"Proquad (qizamiq, parotit, qizilcha va suvchechakka qarshi to'rtta vaktsina)","Проквад (четырёхкомпонентная вакцина против кори, эпидемического паротита, краснухи и ветряной оспы)",ProQuad,,,,
immun-273,  PRPOMP,J07AG01,871764007,source-is-narrower-than-target,Vaccine product containing only Haemophilus influenzae type b antigen (medicinal product),PedvaxHib (Haemophilus influenzae b turiga qarshi konjugat vaktsina),Пэдвакс Hib (конъюгированная вакцина против Haemophilus influenzae типа b),PedvaxHIB,,,,
immun-274,  PRPT,J07AG01,871764007,source-is-narrower-than-target,Vaccine product containing only Haemophilus influenzae type b antigen (medicinal product),AktHIB (Hibga qarshi boshqa vaktsina),АктХИБ (еще одна вакцина против Hib),ActHIB,,,,
immun-275,  PRVNR,J07AL02,1052328007,equivalent,"Vaccine product containing only Streptococcus pneumoniae Danish serotype 4, 6B, 9V, 14, 18C, 19F, and 23F capsular polysaccharide antigens conjugated (medicinal product)","Prevenar7 (pnevmokokk konjugatli vaktsina, 7 valentli)","Превенар 7 (пневмококковая конъюгированная вакцина, 7‑валентная)",Prevenar 7,,,,
immun-276,  PRVTH,J07AL02,51451000087105,equivalent,"Vaccine product containing only Streptococcus pneumoniae Danish serotype 1, 3, 4, 5, 6A, 6B, 7F, 9V, 14, 18C, 19A, 19F, and 23F capsular polysaccharide antigens conjugated (medicinal product)","Prevenar13 (pnevmokokk konjugatli vaktsina, 13 valentli)","Превенар 13 (пневмококковая конъюгированная вакцина, 13‑валентная)",Prevenar 13,,,,
immun-277,  PRXTEX,J07BD54,2251000221101,equivalent,Vaccine product containing only live attenuated Measles morbillivirus and Mumps orthorubulavirus and Rubella virus and Human alphaherpesvirus 3 antigens (medicinal product),Priorix-Tetra (GSK dan to'rtta MMR + suvchechak vaktsinasi),Приорикс‑Тетра (четырёхкомпонентная вакцина КПК+ветрянка от GSK),Priorix-Tetra,,,,
immun-278,  QDCL,J07CA02,1381704004,equivalent,Vaccine product containing only acellular Bordetella pertussis and Clostridium tetani and Corynebacterium diphtheriae and Human poliovirus antigens (medicinal product),"Quadrasel (to'rtta vaktsina: difteriya, ko'kyo'tal, qoqshol, poliomielit)","Квадрасел (четырёхкомпонентная вакцина: дифтерия, коклюш, столбняк, полиомиелит)",Quadracel,,,,
immun-279,  ROTRIX,J07BH01,871761004,equivalent,Vaccine product containing only Rotavirus antigen (medicinal product),"Rotarix (rotavirusga qarshi og'iz vaktsinasi, monovalent vaktsina)","Ротарикс (оральная вакцина против ротавирусной инфекции, моновакцина)",Rotarix,,,,
immun-280,  ROTTEQ,J07BH02,1290764006,equivalent," Vaccine product containing only Human-bovine reassortant Rotavirus G1, G2, G3, G4, and P1A[8] antigens (medicinal product)","RotaTeq (rotavirusga qarshi og'iz vaktsinasi, besh valentli)","РотаТек (оральная вакцина против ротавируса, пентавалентная)",Rotateq,,,,
immun-281,  SYNFLX,J07AL02,1052330009,equivalent,"Vaccine product containing only Streptococcus pneumoniae Danish serotype 1, 4, 5, 6B, 7F, 9V, 14, 18C, 19F, and 23F capsular polysaccharide antigens conjugated (medicinal product)","Synflorix (pnevmokokkka qarshi konjugat vaktsina, 10 valentli)","Синфлорикс (пневмококковая конъюгированная вакцина, 10‑валентная)",Synflorix,,,,
immun-282,  TCL,J07AJ52,871876003,equivalent,Vaccine product containing only acellular Bordetella pertussis and Clostridium tetani and Corynebacterium diphtheriae antigens (medicinal product),"Ripasel (uchlik difteriya, ko'kyo'tal, qoqshol)","рипасел (трикомпонентная вакцина: дифтерия, коклюш, столбняк)",Tripacel,,,,
immun-283,  VAXGRP,J07BB02,1181000221105,source-is-narrower-than-target,Vaccine product containing only influenza virus antigen (medicinal product),Vaxigrip (inaktivlangan split grippga qarshi emlash),Ваксигрип (инактивированная сплит-вакцина против гриппа),Vaxigrip,,,,
immun-284,  VGRJNR,J07BB02,1181000221105,source-is-narrower-than-target,Vaccine product containing only influenza virus antigen (medicinal product),Vaxigrip Junior (grippga qarshi emlashning bolalar versiyasi),Ваксигрип Джуниор (детская версия вакцины против гриппа),Vaxigrip Junior,,,,
immun-285,  VLRIX,J07BK01,871919004,equivalent,"Vaccine product containing only Human alphaherpesvirus 3 antigen (medicinal product)
","Varilrix (jonli zaiflashtirilgan suvchechak vaktsinasi, Oka shtammi)","Варилрикс (живая аттенуированная вакцина против ветряной оспы, штамм Ока)",Varilrix,,,,
immun-286,  VRVAX,J07BK01,871919004,equivalent,"Vaccine product containing only Human alphaherpesvirus 3 antigen (medicinal product)","Varivax (jonli suvchechak vaktsinasi, o'xshash - xuddi shu Oka shtammiga asoslangan)","Варивакс (живая вакцина против ветряной оспы, аналогическая – на основе того же штамма Ока)",Varivax,,,,